M_do,Z,X,Y,prob
0,0,0,0,0.12503666666666666
0,0,0,1,0.0
0,0,1,0,0.25020333333333333
0,0,1,1,0.12464
0,1,0,0,0.12588666666666667
0,1,0,1,0.24918666666666667
0,1,1,0,0.0
0,1,1,1,0.12504666666666667
1,0,0,0,0.12464
1,0,0,1,0.25020333333333333
1,0,1,0,0.0
1,0,1,1,0.12503666666666666
1,1,0,0,0.12588666666666667
1,1,0,1,0.24918666666666667
1,1,1,0,0.0
1,1,1,1,0.12504666666666667
