Z_do,M,X,Y,prob
0,0,0,0,0.12503666666666666
0,0,0,1,0.0
0,0,1,0,0.24948
0,0,1,1,0.12588666666666667
0,1,0,0,0.12464
0,1,0,1,0.24991
0,1,1,0,0.0
0,1,1,1,0.12504666666666667
1,0,0,0,0.12588666666666667
1,0,0,1,0.24948
1,0,1,0,0.0
1,0,1,1,0.12503666666666666
1,1,0,0,0.12464
1,1,0,1,0.24991
1,1,1,0,0.0
1,1,1,1,0.12504666666666667
